{"cameraMode":{"drawMode":0,"name":"Shaded","section":"Shading Mode"},"sceneLighting":false,"audioPlay":false,"sceneViewState":{"showFog":true,"showMaterialUpdate":false,"showSkybox":false,"showFlares":true,"showImageEffects":true,"showParticleSystems":true},"in2DMode":false,"pivot":{"x":-99.51312255859375,"y":15.509286880493164,"z":-102.83134460449219},"rotation":{"x":0.3913148045539856,"y":-0.2824671268463135,"z":0.1419665515422821,"w":0.8662599325180054},"size":28.06720733642578,"orthographic":false}