{"cameraMode":{"drawMode":0,"name":"Shaded","section":"Shading Mode"},"sceneLighting":true,"audioPlay":false,"sceneViewState":{"showFog":true,"showMaterialUpdate":false,"showSkybox":true,"showFlares":true,"showImageEffects":true,"showParticleSystems":true},"in2DMode":false,"pivot":{"x":-1.308201789855957,"y":2.213571548461914,"z":-2.192765474319458},"rotation":{"x":-0.20142139494419099,"y":0.009410147555172444,"z":-0.001907936530187726,"w":-0.9795008897781372},"size":28.542518615722658,"orthographic":false}