{"cameraMode":{"drawMode":0,"name":"Shaded","section":"Shading Mode"},"sceneLighting":true,"audioPlay":false,"sceneViewState":{"showFog":true,"showMaterialUpdate":false,"showSkybox":true,"showFlares":true,"showImageEffects":true,"showParticleSystems":true},"in2DMode":false,"pivot":{"x":0.7756495475769043,"y":1.0058143138885499,"z":3.8884482383728029},"rotation":{"x":-0.16057123243808747,"y":0.6587287783622742,"z":-0.14907371997833253,"w":-0.7202553153038025},"size":7.104208469390869,"orthographic":false}