{"cameraMode":{"drawMode":0,"name":"Shaded","section":"Shading Mode"},"sceneLighting":true,"audioPlay":false,"sceneViewState":{"showFog":true,"showMaterialUpdate":false,"showSkybox":true,"showFlares":true,"showImageEffects":true,"showParticleSystems":true},"in2DMode":false,"pivot":{"x":-0.019722551107406617,"y":0.3724398612976074,"z":0.001792803406715393},"rotation":{"x":0.3050324022769928,"y":0.020421091467142106,"z":-0.01577138900756836,"w":0.9532661437988281},"size":187.58412170410157,"orthographic":true}