{"cameraMode":{"drawMode":0,"name":"Shaded","section":"Shading Mode"},"sceneLighting":true,"audioPlay":false,"sceneViewState":{"showFog":true,"showMaterialUpdate":false,"showSkybox":true,"showFlares":true,"showImageEffects":true,"showParticleSystems":true},"in2DMode":false,"pivot":{"x":7.359631538391113,"y":9.492419242858887,"z":-82.7170639038086},"rotation":{"x":0.010931674391031266,"y":0.9890865683555603,"z":-0.09256238490343094,"w":0.11691782623529434},"size":97.82868194580078,"orthographic":false}