{"cameraMode":{"drawMode":0,"name":"Shaded","section":"Shading Mode"},"sceneLighting":true,"audioPlay":false,"sceneViewState":{"showFog":true,"showMaterialUpdate":false,"showSkybox":true,"showFlares":true,"showImageEffects":true,"showParticleSystems":true},"in2DMode":false,"pivot":{"x":-7.139294624328613,"y":0.7978029251098633,"z":-10.474031448364258},"rotation":{"x":0.19704973697662354,"y":0.01317988708615303,"z":-0.002692929469048977,"w":0.9805759787559509},"size":29.02231788635254,"orthographic":false}