{"cameraMode":{"drawMode":0,"name":"Shaded","section":"Shading Mode"},"sceneLighting":true,"audioPlay":false,"sceneViewState":{"showFog":true,"showMaterialUpdate":false,"showSkybox":true,"showFlares":true,"showImageEffects":true,"showParticleSystems":true},"in2DMode":false,"pivot":{"x":-7.16303825378418,"y":-3.0942463874816896,"z":7.925132751464844},"rotation":{"x":0.2002118080854416,"y":-0.4493405520915985,"z":0.10577572882175446,"w":0.8646924495697022},"size":17.13948631286621,"orthographic":false}