{"cameraMode":{"drawMode":0,"name":"Shaded","section":"Shading Mode"},"sceneLighting":true,"audioPlay":false,"sceneViewState":{"showFog":true,"showMaterialUpdate":false,"showSkybox":true,"showFlares":true,"showImageEffects":true,"showParticleSystems":true},"in2DMode":false,"pivot":{"x":-170.24932861328126,"y":12.317378997802735,"z":74.35543060302735},"rotation":{"x":0.46722155809402468,"y":0.07709001749753952,"z":-0.04906492307782173,"w":0.8807118535041809},"size":255.8826141357422,"orthographic":false}