{"cameraMode":{"drawMode":0,"name":"Shaded","section":"Shading Mode"},"sceneLighting":true,"audioPlay":false,"sceneViewState":{"showFog":true,"showMaterialUpdate":false,"showSkybox":true,"showFlares":true,"showImageEffects":true,"showParticleSystems":true},"in2DMode":false,"pivot":{"x":-0.47085461020469668,"y":-0.10421973466873169,"z":-5.444169998168945},"rotation":{"x":-0.3896283507347107,"y":0.5155868530273438,"z":-0.2835750877857208,"w":-0.7085055112838745},"size":6.138717174530029,"orthographic":false}