{"cameraMode":{"drawMode":0,"name":"Shaded","section":"Shading Mode"},"sceneLighting":false,"audioPlay":false,"sceneViewState":{"showFog":true,"showMaterialUpdate":false,"showSkybox":true,"showFlares":true,"showImageEffects":true,"showParticleSystems":true},"in2DMode":false,"pivot":{"x":62.71611022949219,"y":23.55718231201172,"z":-65.15270233154297},"rotation":{"x":0.06178031116724014,"y":0.9383203983306885,"z":-0.21782690286636353,"w":0.2628191411495209},"size":278.49169921875,"orthographic":false}