{"cameraMode":{"drawMode":0,"name":"Shaded","section":"Shading Mode"},"sceneLighting":true,"audioPlay":false,"sceneViewState":{"showFog":true,"showMaterialUpdate":false,"showSkybox":true,"showFlares":true,"showImageEffects":true,"showParticleSystems":true},"in2DMode":false,"pivot":{"x":0.3741416931152344,"y":2.4741435050964357,"z":-0.07921075820922852},"rotation":{"x":0.09830599278211594,"y":-0.1673666089773178,"z":0.01753205992281437,"w":0.9818756580352783},"size":3.7914116382598879,"orthographic":false}