{"cameraMode":{"drawMode":0,"name":"Shaded","section":"Shading Mode"},"sceneLighting":true,"audioPlay":false,"sceneViewState":{"showFog":true,"showMaterialUpdate":false,"showSkybox":true,"showFlares":true,"showImageEffects":true,"showParticleSystems":true},"in2DMode":false,"pivot":{"x":920.3058471679688,"y":553.0551147460938,"z":-47.0400390625},"rotation":{"x":-0.16155509650707246,"y":0.022791368886828424,"z":-0.0037318849936127664,"w":-0.9865968227386475},"size":2482.426513671875,"orthographic":false}