{"cameraMode":{"drawMode":0,"name":"Shaded","section":"Shading Mode"},"sceneLighting":false,"audioPlay":false,"sceneViewState":{"showFog":true,"showMaterialUpdate":false,"showSkybox":false,"showFlares":true,"showImageEffects":true,"showParticleSystems":true},"in2DMode":false,"pivot":{"x":5.960464477539063e-8,"y":1.0729999542236329,"z":0.07149988412857056},"rotation":{"x":0.2002118080854416,"y":-0.4493405520915985,"z":0.10577572882175446,"w":0.8646924495697022},"size":4.1435866355896,"orthographic":false}