{"cameraMode":{"drawMode":0,"name":"Shaded","section":"Shading Mode"},"sceneLighting":true,"audioPlay":false,"sceneViewState":{"showFog":true,"showMaterialUpdate":false,"showSkybox":true,"showFlares":true,"showImageEffects":true,"showParticleSystems":true},"in2DMode":false,"pivot":{"x":8.890478134155274,"y":7.521793842315674,"z":-6.768471717834473},"rotation":{"x":-0.18932336568832398,"y":0.28970232605934145,"z":-0.059884533286094668,"w":-0.9367296099662781},"size":10.531935691833496,"orthographic":false}