{"cameraMode":{"drawMode":0,"name":"Shaded","section":"Shading Mode"},"sceneLighting":true,"audioPlay":false,"sceneViewState":{"showFog":true,"showMaterialUpdate":false,"showSkybox":true,"showFlares":true,"showImageEffects":true,"showParticleSystems":true},"in2DMode":false,"pivot":{"x":-15.958436965942383,"y":0.5815892219543457,"z":36.23383712768555},"rotation":{"x":0.0780768170952797,"y":-0.18518804013729096,"z":0.014828769490122795,"w":0.9800560474395752},"size":43.40018844604492,"orthographic":false}