{"cameraMode":{"drawMode":0,"name":"Shaded","section":"Shading Mode"},"sceneLighting":true,"audioPlay":false,"sceneViewState":{"showFog":true,"showMaterialUpdate":false,"showSkybox":true,"showFlares":true,"showImageEffects":true,"showParticleSystems":true},"in2DMode":false,"pivot":{"x":4.590373992919922,"y":-14.232749938964844,"z":-0.0196685791015625},"rotation":{"x":-0.35811543464660647,"y":0.002090472960844636,"z":-0.0035251574590802194,"w":-0.9343631267547607},"size":157.94102478027345,"orthographic":false}