{"cameraMode":{"drawMode":0,"name":"Shaded","section":"Shading Mode"},"sceneLighting":true,"audioPlay":false,"sceneViewState":{"showFog":true,"showMaterialUpdate":false,"showSkybox":true,"showFlares":true,"showImageEffects":true,"showParticleSystems":true},"in2DMode":false,"pivot":{"x":-1.7627778053283692,"y":-3.5328750610351564,"z":37.30412292480469},"rotation":{"x":-0.3108842372894287,"y":-0.023370785638689996,"z":0.0042072804644703869,"w":-0.9508798122406006},"size":152.83157348632813,"orthographic":false}