{"cameraMode":{"drawMode":0,"name":"Shaded","section":"Shading Mode"},"sceneLighting":false,"audioPlay":false,"sceneViewState":{"showFog":false,"showMaterialUpdate":false,"showSkybox":true,"showFlares":true,"showImageEffects":true,"showParticleSystems":true},"in2DMode":false,"pivot":{"x":84.66341400146485,"y":26.359703063964845,"z":-111.13066101074219},"rotation":{"x":0.04460011422634125,"y":0.9503645896911621,"z":-0.2680434286594391,"w":0.1532478779554367},"size":234.15438842773438,"orthographic":false}