{"cameraMode":{"drawMode":0,"name":"Shaded","section":"Shading Mode"},"sceneLighting":false,"audioPlay":false,"sceneViewState":{"showFog":false,"showMaterialUpdate":false,"showSkybox":true,"showFlares":true,"showImageEffects":true,"showParticleSystems":true},"in2DMode":false,"pivot":{"x":-27.890445709228517,"y":12.39543628692627,"z":-24.331539154052736},"rotation":{"x":-0.19873946905136109,"y":0.37019163370132449,"z":-0.08188074827194214,"w":-0.9038612842559815},"size":36.875728607177737,"orthographic":false}