{"cameraMode":{"drawMode":0,"name":"Shaded","section":"Shading Mode"},"sceneLighting":false,"audioPlay":false,"sceneViewState":{"showFog":false,"showMaterialUpdate":false,"showSkybox":true,"showFlares":true,"showImageEffects":true,"showParticleSystems":true},"in2DMode":false,"pivot":{"x":-66.9805679321289,"y":-8.985530853271485,"z":-14.362089157104493},"rotation":{"x":-0.23992855846881867,"y":0.7584465146064758,"z":-0.40731990337371828,"w":-0.4501703977584839},"size":250.7877197265625,"orthographic":false}