{"cameraMode":{"drawMode":0,"name":"Shaded","section":"Shading Mode"},"sceneLighting":false,"audioPlay":false,"sceneViewState":{"showFog":false,"showMaterialUpdate":false,"showSkybox":true,"showFlares":true,"showImageEffects":true,"showParticleSystems":true},"in2DMode":false,"pivot":{"x":-21.10336685180664,"y":34.55155563354492,"z":-110.85020446777344},"rotation":{"x":0.00889122299849987,"y":-0.9706350564956665,"z":0.2378547191619873,"w":0.03672891482710838},"size":510.9842529296875,"orthographic":false}