{"cameraMode":{"drawMode":0,"name":"Shaded","section":"Shading Mode"},"sceneLighting":false,"audioPlay":false,"sceneViewState":{"showFog":false,"showMaterialUpdate":false,"showSkybox":true,"showFlares":true,"showImageEffects":true,"showParticleSystems":true},"in2DMode":false,"pivot":{"x":15.070798873901368,"y":13.02983283996582,"z":-67.1419677734375},"rotation":{"x":-0.010845853015780449,"y":-0.9448777437210083,"z":0.03022751398384571,"w":-0.32621636986732485},"size":14.779829025268555,"orthographic":false}