{"cameraMode":{"drawMode":0,"name":"Shaded","section":"Shading Mode"},"sceneLighting":false,"audioPlay":false,"sceneViewState":{"showFog":false,"showMaterialUpdate":false,"showSkybox":true,"showFlares":true,"showImageEffects":true,"showParticleSystems":true},"in2DMode":false,"pivot":{"x":2.335876941680908,"y":24.876392364501954,"z":-2.211305618286133},"rotation":{"x":-0.013777198269963265,"y":-0.9400402903556824,"z":-0.0345751978456974,"w":0.3412380516529083},"size":3.7914135456085207,"orthographic":false}