{"cameraMode":{"drawMode":0,"name":"Shaded","section":"Shading Mode"},"sceneLighting":false,"audioPlay":false,"sceneViewState":{"showFog":false,"showMaterialUpdate":false,"showSkybox":true,"showFlares":true,"showImageEffects":true,"showParticleSystems":true},"in2DMode":false,"pivot":{"x":2.537759780883789,"y":25.662639617919923,"z":62.10655975341797},"rotation":{"x":0.10275886207818985,"y":-0.12202410399913788,"z":0.014074607752263546,"w":0.9878550171852112},"size":96.90961456298828,"orthographic":false}