{"cameraMode":{"drawMode":0,"name":"Shaded","section":"Shading Mode"},"sceneLighting":false,"audioPlay":false,"sceneViewState":{"showFog":false,"showMaterialUpdate":false,"showSkybox":true,"showFlares":true,"showImageEffects":true,"showParticleSystems":true},"in2DMode":false,"pivot":{"x":-1.6100001335144044,"y":11.800000190734864,"z":-64.45999908447266},"rotation":{"x":0.09490570425987244,"y":0.8063303232192993,"z":-0.13278022408485413,"w":0.5698184967041016},"size":3.7914135456085207,"orthographic":false}