{"cameraMode":{"drawMode":0,"name":"Shaded","section":"Shading Mode"},"sceneLighting":false,"audioPlay":false,"sceneViewState":{"showFog":false,"showMaterialUpdate":false,"showSkybox":true,"showFlares":true,"showImageEffects":true,"showParticleSystems":true},"in2DMode":false,"pivot":{"x":-75.22142028808594,"y":34.12282943725586,"z":-47.27463912963867},"rotation":{"x":0.10799842327833176,"y":-0.8823035359382629,"z":0.25041016936302187,"w":0.3853112459182739},"size":196.3190155029297,"orthographic":false}