{"cameraMode":{"drawMode":0,"name":"Shaded","section":"Shading Mode"},"sceneLighting":false,"audioPlay":false,"sceneViewState":{"showFog":false,"showMaterialUpdate":false,"showSkybox":true,"showFlares":true,"showImageEffects":true,"showParticleSystems":true},"in2DMode":false,"pivot":{"x":-119.5,"y":12.40000057220459,"z":132.60000610351563},"rotation":{"x":0.3919379711151123,"y":-0.07369450479745865,"z":0.03197930380702019,"w":0.9165810346603394},"size":27.047983169555665,"orthographic":false}