{"cameraMode":{"drawMode":0,"name":"Shaded","section":"Shading Mode"},"sceneLighting":false,"audioPlay":false,"sceneViewState":{"showFog":false,"showMaterialUpdate":false,"showSkybox":true,"showFlares":true,"showImageEffects":true,"showParticleSystems":true},"in2DMode":false,"pivot":{"x":-47.96648406982422,"y":-266.4339599609375,"z":204.96975708007813},"rotation":{"x":-0.44270309805870058,"y":0.10900489240884781,"z":-0.05433085560798645,"w":-0.8883752226829529},"size":404.2278747558594,"orthographic":false}