{"cameraMode":{"drawMode":0,"name":"Shaded","section":"Shading Mode"},"sceneLighting":false,"audioPlay":false,"sceneViewState":{"showFog":false,"showMaterialUpdate":false,"showSkybox":true,"showFlares":true,"showImageEffects":true,"showParticleSystems":true},"in2DMode":false,"pivot":{"x":-211.15811157226563,"y":27.166574478149415,"z":46.136653900146487},"rotation":{"x":-0.004458585754036903,"y":-0.875686764717102,"z":0.00304705323651433,"w":-0.4843556880950928},"size":9.611601829528809,"orthographic":false}