{"cameraMode":{"drawMode":0,"name":"Shaded","section":"Shading Mode"},"sceneLighting":false,"audioPlay":false,"sceneViewState":{"showFog":false,"showMaterialUpdate":false,"showSkybox":true,"showFlares":true,"showImageEffects":true,"showParticleSystems":true},"in2DMode":false,"pivot":{"x":-35.47229766845703,"y":-2.7252578735351564,"z":39.94110870361328},"rotation":{"x":0.21771469712257386,"y":-0.2695567011833191,"z":0.06212097778916359,"w":0.9363114237785339},"size":132.0804901123047,"orthographic":false}