{"cameraMode":{"drawMode":0,"name":"Shaded","section":"Shading Mode"},"sceneLighting":false,"audioPlay":false,"sceneViewState":{"showFog":false,"showMaterialUpdate":false,"showSkybox":true,"showFlares":true,"showImageEffects":true,"showParticleSystems":true},"in2DMode":false,"pivot":{"x":-53.456729888916019,"y":66.29603576660156,"z":-125.55792999267578},"rotation":{"x":-0.005824670661240816,"y":0.9866920709609985,"z":-0.15854595601558686,"w":-0.037941232323646548},"size":188.86697387695313,"orthographic":false}