{"cameraMode":{"drawMode":0,"name":"Shaded","section":"Shading Mode"},"sceneLighting":false,"audioPlay":false,"sceneViewState":{"showFog":true,"showMaterialUpdate":false,"showSkybox":true,"showFlares":true,"showImageEffects":true,"showParticleSystems":true},"in2DMode":false,"pivot":{"x":-95.85072326660156,"y":69.98155212402344,"z":185.91995239257813},"rotation":{"x":-0.3543284833431244,"y":0.6400942802429199,"z":-0.42557984590530398,"w":-0.5327819585800171},"size":64.45211791992188,"orthographic":false}